Country Name;Country Code;Indicator Name;Indicator Code;1960;1961;1962;1963;1964;1965;1966;1967;1968;1969;1970;1971;1972;1973;1974;1975;1976;1977;1978;1979;1980;1981;1982;1983;1984;1985;1986;1987;1988;1989;1990;1991;1992;1993;1994;1995;1996;1997;1998;1999;2000;2001;2002;2003;2004;2005;2006;2007;2008;2009;2010;2011;2012;2013;2014;2015;2016;2017;2018;2019;2020;2021;2022;2023;2024
Algeria;DZA;Life expectancy at birth, total (years);SP.DYN.LE00.IN;40.839;40.792;39.527;43.143;42.987;42.846;42.745;42.731;42.806;42.991;43.328;43.782;44.384;45.102;45.953;46.921;48.034;49.249;50.615;52.409;54.512;57.422;59.594;61.251;62.722;64.155;65.273;66.13;66.91;67.461;67.658;67.692;67.725;67.797;67.284;67.691;68.219;68.859;69.327;70.088;70.576;71.025;71.644;71.906;72.536;72.836;73.116;73.346;73.618;73.871;74.144;74.383;74.609;74.809;74.992;75.159;75.31;75.431;75.555;75.682;73.257;75.208;76.129;76.261;
Angola;AGO;Life expectancy at birth, total (years);SP.DYN.LE00.IN;37.933;36.902;37.168;37.419;37.704;37.968;38.258;38.616;38.968;39.329;39.688;40.076;40.469;40.871;41.26;40.817;40.812;41.215;41.573;41.913;42.242;42.556;42.857;41.972;42.245;42.495;42.739;40.786;41.471;41.698;41.854;43.812;42.267;42.19;43.567;46.139;46.418;46.688;45.452;45.808;46.501;47.032;47.874;50.218;51.123;52.13;52.965;54.2;55.281;56.225;57.242;58.093;58.916;59.705;60.396;61.042;61.619;62.122;62.622;63.051;63.116;62.958;64.246;64.617;
Benin;BEN;Life expectancy at birth, total (years);SP.DYN.LE00.IN;38.775;39.233;39.643;40.081;40.502;40.971;41.274;41.759;42.182;42.591;43.029;43.391;43.928;44.435;44.876;45.405;45.952;46.504;46.941;47.362;47.747;48.122;48.493;48.845;49.399;49.959;50.632;51.258;52.019;52.45;53.02;53.441;54.137;54.612;54.988;55.366;55.648;55.986;56.154;56.336;56.594;56.654;56.851;57.092;57.346;57.738;57.966;58.249;58.099;58.258;58.387;58.462;58.559;58.863;59.008;59.123;59.283;59.528;59.71;59.888;60.154;59.61;60.475;60.774;
Bermuda;BMU;Life expectancy at birth, total (years);SP.DYN.LE00.IN;66.482;67.528;67.884;67.689;67.5;67.582;67.718;67.792;67.898;68.088;68.404;68.98;69.643;70.374;70.864;71.171;71.331;71.616;71.968;72.402;72.666;72.892;73.041;73.24;73.365;73.373;73.368;73.454;73.555;73.733;73.952;74.204;74.446;74.766;75.276;75.92;76.52;76.972;77.389;77.854;78.251;78.637;78.841;78.715;78.898;78.874;78.87;79.006;79.101;79.229;79.414;79.651;79.847;80.016;80.199;80.338;80.476;80.686;80.986;81.251;81.456;81.745;82.062;82.309;
Botswana;BWA;Life expectancy at birth, total (years);SP.DYN.LE00.IN;51.22;51.781;52.313;52.848;53.358;53.853;54.36;54.859;55.372;55.903;56.446;57.062;57.669;58.286;58.914;59.53;60.209;60.867;61.485;62.035;62.527;63.027;63.382;63.605;63.706;63.647;63.363;62.837;61.696;61.189;60.104;58.911;58.19;57.316;55.97;54.713;54.284;53.594;52.968;52.499;52.263;52.21;52.373;52.851;53.573;54.386;55.112;56.735;57.661;58.297;59.137;59.715;60.384;61.217;62.167;63.215;64.32;65.42;66.371;67.167;67.643;63.303;68.749;69.163;
Burkina Faso;BFA;Life expectancy at birth, total (years);SP.DYN.LE00.IN;36.074;36.361;36.753;37.093;37.399;37.758;38.091;38.432;38.76;39.023;39.54;39.853;40.399;40.947;41.711;42.486;43.327;44.167;44.995;45.702;46.465;46.866;47.633;48.061;48.464;48.748;48.987;49.097;49.215;49.27;49.315;49.33;49.378;49.412;49.469;49.554;49.693;49.56;50.163;50.463;50.808;51.188;51.447;51.959;52.6;53.271;53.784;54.377;55.199;55.791;56.343;57.001;57.457;57.903;58.331;58.778;59.173;59.578;59.972;60.184;60.454;60.046;60.7;61.092;
Burundi;BDI;Life expectancy at birth, total (years);SP.DYN.LE00.IN;43.262;43.364;43.492;43.559;43.601;41.844;43.529;43.332;43.405;43.0;43.225;43.172;25.777;37.409;43.337;43.445;43.691;43.97;44.404;45.038;45.731;46.412;47.012;47.433;47.687;47.662;47.402;47.066;42.889;45.745;45.184;44.66;44.469;37.221;44.515;44.589;44.807;45.721;46.678;47.627;47.617;48.509;49.924;50.997;52.217;53.053;53.962;54.832;55.581;56.422;57.088;57.804;58.501;59.179;59.764;60.107;60.789;61.345;61.806;62.18;62.569;62.101;62.882;63.651;
Cabo Verde;CPV;Life expectancy at birth, total (years);SP.DYN.LE00.IN;48.713;49.419;50.239;51.145;52.089;53.04;53.922;54.716;55.426;56.038;56.559;57.027;57.486;57.979;58.432;58.976;59.396;59.986;60.381;60.726;61.031;61.299;61.519;61.767;61.829;62.281;62.584;62.91;63.242;63.566;63.869;64.066;64.253;64.458;64.648;63.691;65.521;66.082;66.714;67.409;68.117;68.707;69.447;70.006;70.499;70.936;71.341;71.487;71.888;72.142;72.507;72.913;73.315;73.481;73.788;74.096;74.35;74.71;74.84;75.449;73.818;74.424;75.907;76.059;
Cameroon;CMR;Life expectancy at birth, total (years);SP.DYN.LE00.IN;34.667;35.186;42.599;43.074;43.596;44.175;44.839;45.602;46.389;47.191;47.954;48.577;49.12;49.517;49.734;49.891;50.017;50.13;50.319;50.535;50.852;51.227;51.801;52.447;52.886;53.465;53.572;54.188;54.359;54.389;54.348;54.168;54.053;53.872;53.537;53.347;53.2;53.105;53.043;53.166;53.338;53.598;53.922;54.253;54.578;54.904;55.301;55.71;56.116;56.486;56.965;57.482;58.17;58.73;59.13;59.687;60.293;60.817;61.189;61.695;61.674;61.146;62.443;63.7;
Central African Republic;CAF;Life expectancy at birth, total (years);SP.DYN.LE00.IN;39.572;40.056;40.562;41.09;41.64;42.207;42.787;43.379;43.98;44.58;45.176;45.764;46.332;46.884;47.405;47.892;48.355;48.778;49.161;49.5;49.789;50.028;50.213;50.342;50.427;50.463;50.445;50.371;50.243;50.074;49.854;49.575;49.213;48.899;48.509;48.109;47.7;47.284;47.089;46.91;46.609;46.734;46.84;47.306;47.696;48.207;48.687;49.327;49.873;14.665;46.871;50.107;51.336;49.487;40.265;51.934;50.999;45.231;52.297;31.53;50.596;40.279;18.818;57.408;
Chad;TCD;Life expectancy at birth, total (years);SP.DYN.LE00.IN;39.216;39.421;39.608;39.893;40.12;40.05;40.089;40.393;40.702;41.019;41.386;40.869;41.922;42.399;42.601;42.736;42.687;42.884;43.017;43.239;43.452;43.497;43.91;44.446;44.732;45.315;45.598;43.071;46.352;46.434;45.074;46.596;46.777;47.002;47.08;47.453;47.551;47.762;47.802;47.934;47.937;48.306;48.36;48.609;48.687;48.86;48.747;49.21;49.503;49.828;50.107;50.426;50.765;51.051;51.141;51.32;51.603;51.875;52.447;52.993;53.082;53.136;54.528;55.069;
Congo Dem. Rep.;COD;Life expectancy at birth, total (years);SP.DYN.LE00.IN;40.752;40.161;40.382;40.604;40.099;40.767;42.169;42.339;42.667;42.959;43.3;43.578;43.869;44.09;44.311;44.53;44.695;44.866;44.628;45.278;45.543;45.726;45.946;46.207;46.514;46.663;47.016;47.362;47.755;48.149;48.538;48.944;49.323;49.621;49.88;50.381;49.376;50.461;49.664;50.089;51.887;52.205;52.371;52.952;53.534;54.001;54.498;54.954;55.388;55.798;56.411;56.911;57.35;57.795;58.236;58.658;59.081;59.495;59.926;60.242;60.428;60.044;60.979;61.895;
Congo Rep.;COG;Life expectancy at birth, total (years);SP.DYN.LE00.IN;47.595;48.351;49.038;49.729;50.363;50.996;51.557;51.91;52.62;53.114;53.555;53.983;54.361;54.744;55.053;55.402;55.699;56.027;56.248;56.524;56.803;57.065;57.236;57.428;57.54;57.608;57.633;57.59;57.493;57.292;57.07;56.764;56.483;56.041;55.641;55.474;55.24;48.575;52.551;54.427;55.371;55.885;56.414;57.131;57.957;58.73;59.474;60.05;60.79;61.215;61.731;62.286;62.662;62.969;63.349;63.662;63.911;64.203;64.472;63.152;64.391;64.192;65.0;65.772;
Cote d'Ivoire;CIV;Life expectancy at birth, total (years);SP.DYN.LE00.IN;37.244;37.923;38.62;39.315;39.966;40.643;41.297;41.959;42.648;43.345;44.045;44.783;45.575;46.372;47.207;48.03;48.863;49.624;50.361;50.983;51.437;51.791;52.09;52.352;52.648;52.861;53.009;53.118;53.062;52.955;52.796;52.621;52.429;52.247;52.005;51.713;51.596;51.498;51.22;51.273;51.393;51.428;51.544;51.443;51.939;52.432;52.885;53.452;54.179;54.744;55.282;55.972;56.57;57.057;57.772;58.281;58.814;59.315;59.795;60.274;60.14;60.29;61.562;61.944;
Djibouti;DJI;Life expectancy at birth, total (years);SP.DYN.LE00.IN;43.421;43.781;44.092;44.442;44.812;45.234;45.62;46.103;46.552;47.067;47.536;47.259;48.532;49.097;49.52;49.923;50.335;50.755;51.172;51.597;52.046;52.355;52.893;53.334;53.745;54.075;54.494;54.832;55.133;55.369;55.469;55.194;54.375;55.734;55.592;56.234;56.33;56.207;56.426;56.564;56.734;57.506;57.824;58.041;58.103;58.548;58.962;59.362;59.815;60.351;60.743;61.337;61.719;62.116;62.427;62.833;63.335;63.71;64.105;64.381;64.2;63.83;65.54;65.987;
Egypt Arab Rep.;EGY;Life expectancy at birth, total (years);SP.DYN.LE00.IN;44.436;45.146;45.844;46.493;47.075;47.577;47.988;48.13;48.602;48.7;49.0;49.48;49.908;50.098;51.044;51.734;52.484;53.272;54.075;54.876;55.673;56.454;57.219;57.967;58.697;59.405;60.085;60.736;61.358;61.949;62.513;63.059;63.585;64.147;64.663;65.214;65.733;66.207;66.635;67.01;67.332;67.612;67.846;68.045;68.211;68.355;68.493;68.627;68.761;68.915;69.078;69.232;69.464;69.632;69.911;70.135;70.437;70.709;70.974;71.213;69.79;68.976;71.01;71.633;
Equatorial Guinea;GNQ;Life expectancy at birth, total (years);SP.DYN.LE00.IN;42.742;43.008;43.275;43.54;43.805;44.069;44.334;44.595;44.852;31.0;31.086;37.229;44.441;44.658;41.486;37.32;30.537;42.008;42.331;43.033;48.78;49.107;49.666;50.046;50.195;50.599;50.848;50.99;51.184;51.292;51.397;51.497;51.579;51.671;51.785;51.926;52.123;52.365;52.646;53.001;53.395;53.827;54.324;54.791;55.307;55.766;56.354;56.857;57.384;57.881;58.344;58.827;59.301;59.784;60.228;60.635;61.081;61.481;61.915;62.297;62.141;62.447;63.355;63.707;
Eritrea;ERI;Life expectancy at birth, total (years);SP.DYN.LE00.IN;37.443;37.912;38.346;38.833;39.184;39.576;37.634;40.151;40.483;40.792;41.162;41.527;40.723;41.131;39.001;39.031;42.587;42.984;43.38;43.78;44.625;44.974;44.891;37.173;37.679;38.586;39.541;47.363;48.094;47.802;49.733;50.516;52.436;53.189;54.027;54.822;55.498;56.155;49.997;44.506;56.285;58.359;58.941;59.455;60.063;60.628;61.457;61.998;62.422;63.203;63.665;64.231;64.697;65.005;65.517;65.909;66.242;66.612;66.979;67.306;66.98;66.94;67.789;68.624;
Eswatini;SWZ;Life expectancy at birth, total (years);SP.DYN.LE00.IN;46.389;46.75;47.145;47.471;47.922;48.431;48.99;49.526;50.084;50.641;51.208;51.779;52.352;52.99;53.656;54.399;55.172;55.973;56.785;57.536;58.227;58.788;59.467;58.418;60.439;61.165;61.598;61.899;61.934;61.669;61.167;60.392;59.284;58.092;56.643;55.08;53.296;51.699;50.066;48.808;47.627;46.344;45.38;44.632;43.906;43.958;44.563;45.16;45.853;46.913;48.331;49.057;50.714;52.11;53.491;54.941;56.228;57.574;58.707;59.85;59.862;58.228;63.028;64.123;
Ethiopia;ETH;Life expectancy at birth, total (years);SP.DYN.LE00.IN;39.615;40.198;40.531;40.967;41.261;41.413;39.343;41.941;42.092;42.131;42.115;42.216;41.035;41.103;39.083;38.941;41.32;41.397;41.506;42.376;42.815;43.084;43.434;36.319;36.737;37.747;38.371;45.892;45.682;45.644;45.117;46.657;47.279;47.676;47.926;48.156;48.697;49.21;49.785;49.486;50.88;51.428;52.085;52.877;53.735;54.364;55.402;56.566;57.733;58.715;59.709;60.595;61.443;62.161;62.927;63.592;64.162;64.766;65.257;65.741;65.969;65.33;66.897;67.315;
Gabon;GAB;Life expectancy at birth, total (years);SP.DYN.LE00.IN;46.443;47.115;47.777;48.425;48.994;49.71;50.322;50.928;51.545;52.127;52.697;53.259;53.811;54.352;54.911;55.455;55.97;56.467;56.954;57.438;57.893;58.332;58.644;58.994;59.34;59.665;59.956;60.2;60.398;60.584;60.736;60.891;61.013;61.125;61.183;61.27;61.265;61.395;61.506;61.658;61.81;61.982;62.175;62.463;62.694;62.978;63.259;63.619;64.011;64.361;64.715;65.102;65.438;65.751;66.07;66.336;66.583;66.816;67.043;67.337;67.073;67.072;67.713;68.337;
The Gambia;GMB;Life expectancy at birth, total (years);SP.DYN.LE00.IN;34.574;35.063;35.599;36.086;36.579;37.12;37.559;38.063;38.533;39.004;39.532;40.048;40.549;41.088;41.676;42.192;42.876;43.366;43.573;44.517;44.977;44.489;46.25;46.892;47.513;48.151;48.798;49.392;50.146;50.725;51.278;51.857;52.477;53.15;53.768;54.292;54.849;55.225;56.007;56.466;56.899;57.283;57.736;58.223;58.749;59.11;59.667;60.001;60.473;60.735;61.167;61.561;61.9;62.252;62.576;62.971;63.386;63.708;64.034;64.427;64.418;63.847;64.859;65.86;
Ghana;GHA;Life expectancy at birth, total (years);SP.DYN.LE00.IN;46.942;47.127;47.335;47.476;47.637;47.689;47.708;47.734;47.758;47.895;47.888;47.949;48.274;48.577;48.918;49.323;49.732;50.079;50.461;50.787;51.059;51.313;51.425;51.78;52.232;52.732;53.276;53.818;54.396;54.936;55.395;55.722;56.055;56.286;56.234;56.662;56.957;57.241;57.525;57.835;58.139;58.403;58.709;59.014;59.316;59.638;59.975;60.282;60.578;60.928;61.297;61.617;61.995;62.397;62.832;63.175;63.522;63.829;64.138;64.455;64.309;64.286;65.246;65.498;
Gibraltar;GIB;Life expectancy at birth, total (years);SP.DYN.LE00.IN;70.209;70.165;70.174;70.249;70.438;70.755;71.178;71.54;71.709;71.812;71.888;72.103;72.356;72.707;73.053;73.322;73.443;73.479;73.512;73.585;73.755;73.999;74.325;74.613;74.935;75.232;75.557;75.871;76.18;76.474;76.814;77.118;77.412;77.722;78.052;78.345;78.696;79.097;79.477;79.812;80.145;80.419;80.59;80.713;80.856;80.991;81.103;81.269;81.541;81.807;82.08;82.333;82.527;82.586;82.644;82.668;82.741;82.858;83.028;83.183;83.07;80.274;83.517;83.553;
Guinea;GIN;Life expectancy at birth, total (years);SP.DYN.LE00.IN;36.623;36.816;36.997;37.196;37.415;37.653;37.959;38.224;38.501;38.824;39.06;39.372;39.683;39.937;40.229;40.606;41.028;41.409;41.882;42.343;42.842;43.33;43.863;44.226;44.858;45.31;45.719;46.107;46.478;46.86;47.252;47.781;48.266;48.819;49.188;49.836;50.546;51.113;51.61;51.987;52.42;52.669;53.2;53.589;53.975;54.422;54.875;55.233;55.703;56.052;56.431;56.778;57.117;57.459;57.581;57.899;58.49;58.715;59.043;59.379;59.35;59.373;60.432;60.74;
Guinea-Bissau;GNB;Life expectancy at birth, total (years);SP.DYN.LE00.IN;37.554;37.788;38.032;35.644;35.807;35.92;36.083;36.344;36.672;36.959;37.258;37.538;37.82;38.17;41.613;41.934;42.253;42.578;42.908;43.239;43.57;43.926;44.293;44.6;44.943;45.266;45.523;45.844;46.279;46.614;46.89;47.201;47.518;47.84;47.775;48.531;48.772;48.033;48.123;48.492;50.565;51.054;51.608;52.186;52.8;52.949;54.089;54.87;55.3;56.297;56.999;57.663;58.27;58.879;59.476;60.071;60.619;61.148;61.652;62.161;61.343;61.653;63.605;64.085;
Kenya;KEN;Life expectancy at birth, total (years);SP.DYN.LE00.IN;48.477;49.33;50.104;50.758;51.323;51.886;52.383;52.796;53.302;53.734;54.143;54.543;55.013;55.5;56.039;56.62;57.153;57.684;58.234;58.691;59.175;59.562;59.904;60.342;60.611;60.856;60.818;60.721;60.32;59.99;58.334;57.826;57.095;56.668;56.101;55.856;55.575;55.478;55.568;55.866;56.084;56.501;56.759;57.369;57.947;58.51;59.059;59.407;59.955;60.483;60.915;61.283;61.537;61.729;61.99;62.279;62.526;62.725;62.825;62.939;61.596;61.225;63.549;63.646;
Lesotho;LSO;Life expectancy at birth, total (years);SP.DYN.LE00.IN;50.171;50.275;50.307;50.26;50.307;50.326;50.377;50.513;50.791;51.117;51.501;51.845;52.256;52.62;52.941;53.454;53.931;54.526;55.166;55.843;56.534;57.307;57.976;58.495;58.955;59.211;59.346;59.557;59.572;59.505;59.317;59.061;58.638;58.06;57.288;56.368;55.136;53.733;52.029;50.385;48.783;47.153;45.95;44.921;44.039;43.611;43.182;43.66;44.304;45.055;46.045;46.93;48.235;49.547;50.786;51.83;52.908;53.874;54.638;55.249;55.133;54.209;56.812;57.375;
Liberia;LBR;Life expectancy at birth, total (years);SP.DYN.LE00.IN;38.073;38.104;38.167;38.309;38.451;38.693;38.955;39.262;39.588;39.991;40.359;40.72;41.199;41.619;42.063;42.463;42.851;43.22;43.567;43.89;44.088;44.344;44.447;44.576;44.683;44.026;44.494;44.267;44.065;43.863;37.644;43.575;43.566;43.022;42.621;44.573;44.945;48.302;49.367;50.412;51.852;53.109;54.061;53.045;55.949;56.765;57.495;58.147;58.675;59.106;59.358;59.486;59.785;59.992;59.21;59.248;60.483;60.777;60.999;61.232;61.267;61.166;61.934;62.163;
Libya;LBY;Life expectancy at birth, total (years);SP.DYN.LE00.IN;40.752;42.362;44.075;45.584;47.652;49.278;50.946;52.462;53.849;55.173;56.379;57.583;58.685;59.71;60.709;61.621;62.448;63.129;63.796;64.328;64.797;65.255;65.768;66.26;66.748;67.285;67.806;68.258;68.608;68.979;69.312;69.635;69.974;70.247;70.472;70.641;70.736;70.72;70.657;70.601;70.542;70.653;70.788;70.996;71.21;71.439;71.632;71.788;71.936;72.071;72.196;69.95;72.188;72.339;71.3;71.644;71.799;72.721;73.151;72.941;72.388;72.062;74.462;69.339;
Madagascar;MDG;Life expectancy at birth, total (years);SP.DYN.LE00.IN;43.349;43.79;44.185;44.626;45.037;45.447;45.98;46.457;46.932;47.322;47.898;48.204;48.507;48.921;49.303;49.596;49.8;49.945;50.017;50.059;49.984;49.806;50.009;50.107;50.209;50.406;50.651;51.098;51.425;51.816;52.14;52.555;52.946;53.733;54.247;54.845;55.477;56.127;56.803;57.434;57.974;58.674;59.17;59.693;60.168;60.664;61.14;61.533;61.992;62.304;62.597;62.86;63.007;63.161;63.261;63.362;63.431;63.433;63.491;63.504;62.706;62.516;63.068;63.632;
Malawi;MWI;Life expectancy at birth, total (years);SP.DYN.LE00.IN;34.986;35.23;35.449;35.643;35.681;35.74;35.831;35.941;36.085;36.301;36.638;37.095;37.608;38.355;39.197;40.079;41.022;41.979;43.002;43.703;44.331;44.72;44.84;44.974;44.807;44.568;44.298;43.902;43.569;43.515;43.575;43.54;43.636;43.648;43.8;43.804;44.005;44.2;44.3;45.06;46.17;47.205;48.176;49.601;51.073;52.469;53.652;54.687;55.715;56.714;57.787;58.859;59.87;60.816;61.651;62.324;63.163;63.914;64.464;64.995;65.216;64.782;66.037;67.353;
Mali;MLI;Life expectancy at birth, total (years);SP.DYN.LE00.IN;30.459;30.637;30.833;31.02;31.231;31.529;31.792;32.197;32.568;32.871;33.396;33.804;34.507;35.087;35.749;36.484;37.204;37.986;38.761;39.506;40.266;40.984;41.804;42.748;43.396;43.921;44.62;45.228;45.72;46.237;46.541;46.889;47.238;47.586;47.914;48.292;48.5;49.086;49.592;50.06;50.605;51.3;51.995;52.632;53.253;53.792;54.305;54.756;55.187;55.588;55.993;56.367;56.696;57.052;57.482;57.852;58.286;58.562;58.873;59.217;58.858;59.116;60.035;60.439;
Mauritania;MRT;Life expectancy at birth, total (years);SP.DYN.LE00.IN;43.611;44.307;45.047;45.794;46.581;47.36;48.135;48.893;49.507;50.085;50.544;50.757;51.037;51.216;51.432;51.571;51.77;51.998;52.349;52.763;53.204;53.684;54.229;54.58;55.195;55.808;56.323;56.964;57.483;57.699;58.087;58.291;58.568;58.733;58.763;58.861;58.915;59.417;59.89;60.443;61.044;61.662;62.249;62.805;63.369;63.92;64.493;64.885;65.233;65.485;65.661;65.754;65.808;65.89;66.207;66.498;66.823;67.088;67.419;67.64;66.794;66.762;68.281;68.484;
Morocco;MAR;Life expectancy at birth, total (years);SP.DYN.LE00.IN;41.73;43.694;44.226;44.768;45.346;45.922;46.495;47.099;47.659;48.187;48.691;49.169;49.706;50.22;50.762;51.356;52.048;52.791;53.554;54.376;55.219;56.023;56.869;57.685;58.438;59.208;59.951;60.62;61.231;61.824;62.396;62.919;63.388;63.868;64.346;64.725;65.226;65.616;66.008;66.404;66.794;67.2;67.582;67.958;68.272;68.748;69.157;69.62;70.051;70.454;70.821;71.263;71.674;72.117;72.522;72.894;73.228;73.608;73.946;74.245;73.133;73.385;75.161;75.313;
Mozambique;MOZ;Life expectancy at birth, total (years);SP.DYN.LE00.IN;41.197;41.5;41.761;41.958;41.656;41.792;41.835;41.953;42.1;42.267;42.459;42.581;42.523;42.724;43.211;43.821;43.923;43.924;43.963;43.914;43.987;41.643;41.677;41.596;38.897;38.984;40.951;41.002;43.691;43.889;44.337;44.705;45.095;45.675;46.086;46.546;47.121;47.8;48.212;48.837;49.476;50.259;50.879;51.383;51.855;52.322;52.748;53.255;53.799;54.4;55.04;55.733;56.46;57.189;57.965;58.711;59.455;60.148;60.79;61.306;61.39;60.268;63.011;63.611;
Namibia;NAM;Life expectancy at birth, total (years);SP.DYN.LE00.IN;48.529;49.242;49.972;50.641;51.349;51.997;52.301;52.933;53.553;54.126;54.686;55.289;55.845;56.422;56.943;57.55;58.041;58.586;59.111;59.519;56.572;56.912;57.335;57.637;58.097;58.472;58.725;59.123;59.033;60.773;61.359;60.833;60.16;59.26;58.441;57.518;56.639;55.844;54.767;53.983;52.946;51.98;51.988;51.918;52.175;52.557;53.183;54.026;54.74;55.347;56.093;56.647;57.733;58.468;59.311;60.008;60.81;61.661;62.579;63.546;64.071;60.85;64.19;67.385;
Niger;NER;Life expectancy at birth, total (years);SP.DYN.LE00.IN;36.193;36.287;36.319;36.437;36.464;36.404;36.331;36.243;36.128;36.003;35.919;35.294;35.813;35.938;36.195;36.568;37.101;37.689;38.267;38.889;39.344;39.637;39.844;39.979;39.989;40.12;40.251;40.468;40.791;41.188;41.732;42.289;43.064;43.838;44.586;45.504;46.313;47.097;47.807;48.48;49.172;49.872;50.645;51.545;52.402;53.32;54.223;55.063;55.852;56.487;57.08;57.6;57.987;58.364;58.693;58.85;59.228;59.524;59.765;60.031;59.89;59.542;60.398;61.183;
Nigeria;NGA;Life expectancy at birth, total (years);SP.DYN.LE00.IN;37.207;37.427;37.606;37.806;37.98;38.221;38.355;37.497;38.642;38.946;40.008;40.606;41.273;41.831;42.489;43.054;44.186;44.847;45.348;45.738;45.959;46.309;46.437;46.442;46.339;46.193;45.953;45.89;45.834;45.83;45.733;45.483;45.587;45.783;45.748;45.87;45.833;45.96;46.148;46.609;47.143;47.549;48.02;48.618;49.148;49.538;49.876;50.381;50.748;51.08;51.315;51.49;51.688;51.827;51.94;51.939;52.189;52.397;52.669;53.009;53.072;53.455;54.079;54.462;
Rwanda;RWA;Life expectancy at birth, total (years);SP.DYN.LE00.IN;47.022;47.458;47.802;43.998;48.131;48.203;48.084;47.987;47.731;47.437;47.116;46.755;46.343;45.944;45.566;45.324;45.312;45.579;46.165;47.087;48.122;49.216;50.188;50.944;51.445;51.704;51.706;51.465;50.914;49.485;47.763;46.243;44.397;42.937;12.158;41.518;42.486;41.978;43.099;45.749;47.798;49.49;51.262;53.529;55.52;56.968;58.342;59.504;60.641;61.813;62.804;63.476;64.189;64.651;65.088;65.419;65.733;66.14;66.354;66.691;66.953;66.85;67.528;67.785;
Sao Tome and Principe;STP;Life expectancy at birth, total (years);SP.DYN.LE00.IN;43.564;45.193;46.843;48.4;49.739;51.072;52.309;53.449;54.491;55.4;56.267;56.965;57.448;57.896;58.262;58.561;58.782;58.979;59.141;59.273;59.361;59.432;59.533;59.679;59.893;60.139;57.605;60.663;60.808;59.731;60.707;60.792;60.706;60.618;60.552;60.536;60.576;60.648;60.785;60.976;61.207;61.5;61.826;62.158;62.56;62.434;63.041;63.336;63.448;63.669;63.867;64.122;64.505;64.93;65.478;66.023;66.563;67.074;67.602;68.043;67.979;68.026;69.237;69.718;
Senegal;SEN;Life expectancy at birth, total (years);SP.DYN.LE00.IN;39.668;39.715;39.738;39.745;39.755;39.761;39.848;39.992;40.15;40.398;40.789;41.243;41.77;42.429;43.104;43.938;44.809;45.714;46.596;47.478;48.294;49.083;49.863;50.811;51.694;52.586;53.718;54.632;55.546;56.209;56.674;57.037;57.287;57.348;57.479;57.336;57.129;57.107;57.076;57.315;57.615;58.158;58.912;59.474;60.308;60.98;61.801;62.653;63.201;63.751;64.221;64.799;65.229;65.638;66.001;66.451;66.724;67.059;67.379;67.668;67.496;66.868;67.788;68.683;
Sierra Leone;SLE;Life expectancy at birth, total (years);SP.DYN.LE00.IN;33.09;33.633;34.155;34.705;35.298;35.93;36.64;37.281;37.761;38.23;38.619;39.104;39.505;39.96;40.412;40.99;41.425;41.826;42.192;42.53;42.839;43.086;43.302;43.455;43.561;43.556;43.502;43.748;43.765;43.741;43.72;43.287;43.451;43.428;42.808;42.579;43.528;43.649;42.714;41.962;44.834;45.448;46.174;46.784;47.485;48.306;49.547;50.024;50.693;51.312;51.927;52.594;53.159;54.051;54.281;55.454;56.937;57.761;59.059;59.593;59.694;60.26;61.275;61.786;
Somalia Fed. Rep.;SOM;Life expectancy at birth, total (years);SP.DYN.LE00.IN;43.543;43.667;43.972;44.194;44.393;44.631;44.843;45.051;45.254;45.453;45.644;45.837;46.032;46.224;44.259;44.49;44.727;47.004;47.013;47.405;47.611;47.817;48.02;48.23;48.438;48.279;48.431;49.002;43.933;46.648;46.896;25.418;25.034;50.551;50.303;50.65;50.524;50.278;50.755;50.611;50.747;50.829;50.82;50.721;50.685;50.894;50.915;50.885;51.456;52.101;48.9;32.453;49.138;54.016;54.442;55.056;55.283;52.19;54.767;57.249;57.095;55.703;53.931;58.816;
South Africa;ZAF;Life expectancy at birth, total (years);SP.DYN.LE00.IN;52.575;53.067;53.566;53.895;54.215;54.427;54.731;54.955;55.191;55.44;55.681;56.02;56.377;56.72;57.11;57.591;58.0;58.48;58.991;59.472;59.961;60.445;60.936;61.393;61.837;62.195;62.421;62.694;62.902;63.017;62.942;62.983;62.839;62.618;62.069;61.603;61.079;60.538;59.912;59.19;58.368;57.161;55.58;54.245;53.963;53.914;54.22;54.948;55.982;57.413;58.886;60.602;61.737;62.388;63.184;64.053;64.749;65.422;65.726;66.071;65.15;62.01;65.454;66.139;
South Sudan;SSD;Life expectancy at birth, total (years);SP.DYN.LE00.IN;28.054;28.278;28.506;28.249;32.458;28.781;25.633;25.858;26.103;25.396;25.632;30.993;31.291;36.277;36.589;36.867;37.092;37.397;37.592;37.805;38.034;38.313;38.677;34.733;31.788;32.36;32.816;20.721;10.989;28.217;28.628;29.185;21.938;22.263;44.858;31.51;32.124;33.068;19.048;44.537;47.591;48.55;49.394;52.324;53.052;53.965;54.653;55.425;56.28;56.848;57.485;57.674;58.241;58.285;45.625;39.757;36.72;35.351;51.905;58.129;57.648;57.047;57.203;57.617;
Sudan;SDN;Life expectancy at birth, total (years);SP.DYN.LE00.IN;49.566;49.964;50.419;50.816;50.879;51.031;51.253;51.495;51.762;52.04;52.294;52.541;52.803;52.988;53.156;53.31;53.342;53.522;53.29;53.374;54.072;54.369;54.375;49.562;49.807;50.014;54.558;54.747;54.984;54.883;55.497;55.553;55.952;56.102;57.022;57.447;57.638;58.058;58.308;58.607;58.946;59.264;59.308;58.319;56.773;57.226;60.4;61.442;61.261;62.676;62.979;63.181;63.427;63.443;63.99;64.375;64.677;65.146;65.501;65.803;65.124;64.46;65.695;66.331;
Tanzania;TZA;Life expectancy at birth, total (years);SP.DYN.LE00.IN;42.596;42.841;43.215;43.616;44.075;44.542;44.941;45.163;45.626;46.043;46.495;46.972;47.436;47.912;48.422;48.922;49.459;49.969;50.351;50.791;51.272;51.703;51.99;52.178;52.151;52.184;52.207;52.182;52.224;52.09;51.985;51.837;51.432;51.215;51.077;51.005;51.132;51.246;51.807;52.399;53.244;54.124;54.94;55.929;56.836;57.675;58.512;59.26;59.896;60.494;61.127;61.618;62.286;62.788;63.364;63.928;64.404;64.963;65.488;66.007;66.771;66.131;66.879;66.995;
Togo;TGO;Life expectancy at birth, total (years);SP.DYN.LE00.IN;43.536;43.745;44.001;44.274;44.6;44.917;45.227;45.615;46.022;46.354;46.782;47.232;47.692;48.139;48.593;49.046;49.509;50.163;50.902;51.515;52.146;52.781;53.273;53.769;54.094;54.361;54.614;54.821;54.901;54.732;54.557;54.255;54.077;53.852;53.707;53.692;53.817;53.845;53.956;54.31;54.577;54.746;55.032;55.299;55.594;55.916;56.142;56.382;56.651;56.927;57.227;57.612;57.94;58.345;58.766;59.22;59.669;60.135;60.601;61.055;61.123;61.328;62.29;62.739;
Tunisia;TUN;Life expectancy at birth, total (years);SP.DYN.LE00.IN;44.049;44.257;45.562;46.412;47.272;48.204;49.158;50.157;51.342;52.297;53.792;54.906;56.095;57.115;58.251;59.306;60.313;61.256;62.147;62.929;63.669;64.374;65.01;65.696;66.294;66.877;67.429;68.011;68.456;68.825;69.092;69.398;69.684;69.992;70.363;70.785;71.247;71.67;72.067;72.344;72.604;72.822;73.07;73.304;73.519;73.712;73.888;74.039;74.192;74.32;74.438;74.471;74.599;74.674;74.784;74.875;75.007;75.177;75.37;75.599;75.004;72.893;76.05;76.508;
Uganda;UGA;Life expectancy at birth, total (years);SP.DYN.LE00.IN;45.633;46.271;46.821;47.378;47.846;48.303;48.463;49.006;49.285;49.505;49.621;47.147;47.162;46.992;46.861;46.517;46.169;45.84;45.596;45.385;43.453;43.456;43.309;43.489;43.706;45.496;45.651;47.36;47.476;47.488;47.561;47.549;47.671;47.681;47.675;47.706;47.759;48.026;48.263;48.977;49.64;50.576;51.443;52.414;53.699;54.926;56.118;57.248;58.253;59.157;59.959;60.791;61.579;62.353;63.057;63.831;64.494;65.174;65.775;66.354;66.41;66.45;67.675;68.252;
Zambia;ZMB;Life expectancy at birth, total (years);SP.DYN.LE00.IN;50.648;51.041;51.331;51.605;51.17;52.079;52.29;52.512;52.719;53.044;53.404;53.887;54.375;54.913;55.377;55.742;56.102;56.281;56.335;56.05;55.496;54.986;54.361;53.674;52.877;52.001;51.149;50.421;49.674;48.882;48.204;47.443;46.968;46.678;46.344;46.051;45.757;45.743;45.709;45.924;46.577;47.408;48.461;49.616;50.54;51.615;52.693;53.73;54.835;55.886;56.896;57.843;58.704;59.445;60.109;60.728;61.129;61.564;62.138;62.914;63.361;62.363;65.279;66.349;
Zimbabwe;ZWE;Life expectancy at birth, total (years);SP.DYN.LE00.IN;53.492;53.966;54.453;54.942;55.431;55.905;56.359;56.766;57.145;57.481;57.761;57.996;58.175;58.087;58.194;58.249;57.628;56.996;54.73;54.918;59.062;59.446;59.859;59.989;60.622;60.901;60.982;60.724;60.241;59.446;58.319;57.037;55.602;53.976;52.537;51.144;48.981;48.536;47.551;46.379;46.034;44.525;45.938;45.373;46.043;46.57;47.056;47.576;48.456;49.75;51.925;53.911;55.386;56.842;58.106;58.989;59.76;60.263;60.906;61.06;61.53;60.135;62.36;62.775;
